{"cameraMode":{"drawMode":0,"name":"Shaded","section":"Shading Mode"},"sceneLighting":true,"audioPlay":false,"sceneViewState":{"m_AlwaysRefresh":false,"showFog":true,"showSkybox":true,"showFlares":true,"showImageEffects":true,"showParticleSystems":true,"showVisualEffectGraphs":true,"m_FxEnabled":true},"in2DMode":false,"pivot":{"x":0.9696865081787109,"y":0.3499329090118408,"z":0.033535003662109378},"rotation":{"x":0.1219349130988121,"y":-0.6811168789863586,"z":0.1165679544210434,"w":0.7124781012535095},"size":1.5970722436904908,"orthographic":true}